product_id,name,category,sub_category,brand,price,rating,num_reviews,description
1,ElectroHub Smartphone,Electronics,Smartphone,ElectroHub,1903.89,4.5,700,High-quality smartphone from ElectroHub
2,GadgetZone Smartphone,Electronics,Smartphone,GadgetZone,354.24,3.3,330,High-quality smartphone from GadgetZone
3,SmartLife Smartphone,Electronics,Smartphone,SmartLife,1739.04,4.2,663,High-quality smartphone from SmartLife
4,SmartLife Smartphone,Electronics,Smartphone,SmartLife,90.14,4.9,491,High-quality smartphone from SmartLife
5,DigiMax Smartphone,Electronics,Smartphone,DigiMax,404.56,3.4,459,High-quality smartphone from DigiMax
6,DigiMax Smartphone,Electronics,Smartphone,DigiMax,1073.28,3.9,560,High-quality smartphone from DigiMax
7,SmartLife Smartphone,Electronics,Smartphone,SmartLife,1243.11,3.3,475,High-quality smartphone from SmartLife
8,ElectroHub Smartphone,Electronics,Smartphone,ElectroHub,764.41,3.9,686,High-quality smartphone from ElectroHub
9,SmartLife Smartphone,Electronics,Smartphone,SmartLife,795.8,5.0,504,High-quality smartphone from SmartLife
10,SmartLife Smartphone,Electronics,Smartphone,SmartLife,1726.88,4.4,840,High-quality smartphone from SmartLife
11,DigiMax Smartphone,Electronics,Smartphone,DigiMax,1900.33,4.9,241,High-quality smartphone from DigiMax
12,DigiMax Smartphone,Electronics,Smartphone,DigiMax,644.0,3.2,339,High-quality smartphone from DigiMax
13,ElectroHub Laptop,Electronics,Laptop,ElectroHub,908.3,3.2,508,High-quality laptop from ElectroHub
14,SmartLife Laptop,Electronics,Laptop,SmartLife,1823.17,3.5,871,High-quality laptop from SmartLife
15,ElectroHub Laptop,Electronics,Laptop,ElectroHub,657.84,4.0,105,High-quality laptop from ElectroHub
16,ElectroHub Laptop,Electronics,Laptop,ElectroHub,410.47,4.9,729,High-quality laptop from ElectroHub
17,ElectroHub Laptop,Electronics,Laptop,ElectroHub,1882.02,4.8,269,High-quality laptop from ElectroHub
18,ElectroHub Laptop,Electronics,Laptop,ElectroHub,138.19,3.7,719,High-quality laptop from ElectroHub
19,GadgetZone Laptop,Electronics,Laptop,GadgetZone,579.13,4.7,921,High-quality laptop from GadgetZone
20,TechPro Laptop,Electronics,Laptop,TechPro,597.82,4.1,40,High-quality laptop from TechPro
21,GadgetZone Laptop,Electronics,Laptop,GadgetZone,1614.28,3.1,838,High-quality laptop from GadgetZone
22,TechPro Laptop,Electronics,Laptop,TechPro,1555.88,3.4,471,High-quality laptop from TechPro
23,SmartLife Laptop,Electronics,Laptop,SmartLife,437.74,4.4,418,High-quality laptop from SmartLife
24,TechPro Laptop,Electronics,Laptop,TechPro,1231.62,4.9,40,High-quality laptop from TechPro
25,ElectroHub Tablet,Electronics,Tablet,ElectroHub,1733.05,4.2,929,High-quality tablet from ElectroHub
26,TechPro Tablet,Electronics,Tablet,TechPro,173.94,3.6,727,High-quality tablet from TechPro
27,GadgetZone Tablet,Electronics,Tablet,GadgetZone,1472.73,4.3,986,High-quality tablet from GadgetZone
28,SmartLife Tablet,Electronics,Tablet,SmartLife,970.82,3.2,461,High-quality tablet from SmartLife
29,SmartLife Tablet,Electronics,Tablet,SmartLife,1533.53,4.1,766,High-quality tablet from SmartLife
30,SmartLife Tablet,Electronics,Tablet,SmartLife,1069.33,3.9,553,High-quality tablet from SmartLife
31,ElectroHub Tablet,Electronics,Tablet,ElectroHub,260.39,3.1,742,High-quality tablet from ElectroHub
32,TechPro Tablet,Electronics,Tablet,TechPro,662.99,4.0,733,High-quality tablet from TechPro
33,GadgetZone Tablet,Electronics,Tablet,GadgetZone,536.12,3.8,170,High-quality tablet from GadgetZone
34,GadgetZone Tablet,Electronics,Tablet,GadgetZone,496.16,3.2,698,High-quality tablet from GadgetZone
35,SmartLife Tablet,Electronics,Tablet,SmartLife,364.38,4.9,556,High-quality tablet from SmartLife
36,TechPro Tablet,Electronics,Tablet,TechPro,255.71,3.9,619,High-quality tablet from TechPro
37,ElectroHub Smartwatch,Electronics,Smartwatch,ElectroHub,862.19,4.8,639,High-quality smartwatch from ElectroHub
38,DigiMax Smartwatch,Electronics,Smartwatch,DigiMax,288.07,3.7,189,High-quality smartwatch from DigiMax
39,TechPro Smartwatch,Electronics,Smartwatch,TechPro,580.66,4.3,632,High-quality smartwatch from TechPro
40,ElectroHub Smartwatch,Electronics,Smartwatch,ElectroHub,737.51,3.6,709,High-quality smartwatch from ElectroHub
41,SmartLife Smartwatch,Electronics,Smartwatch,SmartLife,863.95,3.4,818,High-quality smartwatch from SmartLife
42,DigiMax Smartwatch,Electronics,Smartwatch,DigiMax,708.35,4.9,373,High-quality smartwatch from DigiMax
43,TechPro Smartwatch,Electronics,Smartwatch,TechPro,837.48,3.1,441,High-quality smartwatch from TechPro
44,ElectroHub Smartwatch,Electronics,Smartwatch,ElectroHub,531.41,4.4,386,High-quality smartwatch from ElectroHub
45,TechPro Smartwatch,Electronics,Smartwatch,TechPro,338.77,5.0,698,High-quality smartwatch from TechPro
46,TechPro Smartwatch,Electronics,Smartwatch,TechPro,1954.4,3.8,854,High-quality smartwatch from TechPro
47,GadgetZone Smartwatch,Electronics,Smartwatch,GadgetZone,722.89,4.3,637,High-quality smartwatch from GadgetZone
48,DigiMax Smartwatch,Electronics,Smartwatch,DigiMax,1085.32,3.9,709,High-quality smartwatch from DigiMax
49,ElectroHub Headphones,Electronics,Headphones,ElectroHub,207.66,3.7,400,High-quality headphones from ElectroHub
50,GadgetZone Headphones,Electronics,Headphones,GadgetZone,1283.0,4.3,906,High-quality headphones from GadgetZone
51,TechPro Headphones,Electronics,Headphones,TechPro,343.9,4.0,463,High-quality headphones from TechPro
52,GadgetZone Headphones,Electronics,Headphones,GadgetZone,1723.8,3.7,931,High-quality headphones from GadgetZone
53,SmartLife Headphones,Electronics,Headphones,SmartLife,1436.74,4.6,147,High-quality headphones from SmartLife
54,ElectroHub Headphones,Electronics,Headphones,ElectroHub,1884.02,3.8,550,High-quality headphones from ElectroHub
55,DigiMax Headphones,Electronics,Headphones,DigiMax,1683.53,4.4,952,High-quality headphones from DigiMax
56,TechPro Headphones,Electronics,Headphones,TechPro,457.69,4.1,297,High-quality headphones from TechPro
57,SmartLife Headphones,Electronics,Headphones,SmartLife,495.67,3.3,623,High-quality headphones from SmartLife
58,TechPro Headphones,Electronics,Headphones,TechPro,1057.44,3.5,896,High-quality headphones from TechPro
59,ElectroHub Headphones,Electronics,Headphones,ElectroHub,1138.67,4.8,8,High-quality headphones from ElectroHub
60,TechPro Headphones,Electronics,Headphones,TechPro,730.96,4.5,130,High-quality headphones from TechPro
61,ElectroHub Camera,Electronics,Camera,ElectroHub,1779.82,4.6,919,High-quality camera from ElectroHub
62,ElectroHub Camera,Electronics,Camera,ElectroHub,214.07,3.3,421,High-quality camera from ElectroHub
63,ElectroHub Camera,Electronics,Camera,ElectroHub,1182.34,3.7,472,High-quality camera from ElectroHub
64,SmartLife Camera,Electronics,Camera,SmartLife,1948.64,3.6,877,High-quality camera from SmartLife
65,DigiMax Camera,Electronics,Camera,DigiMax,996.95,3.9,956,High-quality camera from DigiMax
66,TechPro Camera,Electronics,Camera,TechPro,393.05,3.0,397,High-quality camera from TechPro
67,GadgetZone Camera,Electronics,Camera,GadgetZone,398.7,3.7,391,High-quality camera from GadgetZone
68,SmartLife Camera,Electronics,Camera,SmartLife,1332.35,4.1,459,High-quality camera from SmartLife
69,SmartLife Camera,Electronics,Camera,SmartLife,767.05,3.5,749,High-quality camera from SmartLife
70,GadgetZone Camera,Electronics,Camera,GadgetZone,999.15,4.8,26,High-quality camera from GadgetZone
71,DigiMax Camera,Electronics,Camera,DigiMax,732.65,4.3,878,High-quality camera from DigiMax
72,TechPro Camera,Electronics,Camera,TechPro,430.72,4.4,658,High-quality camera from TechPro
73,ElectroHub Speaker,Electronics,Speaker,ElectroHub,97.42,4.3,16,High-quality speaker from ElectroHub
74,ElectroHub Speaker,Electronics,Speaker,ElectroHub,1883.89,4.9,372,High-quality speaker from ElectroHub
75,SmartLife Speaker,Electronics,Speaker,SmartLife,1508.05,4.9,348,High-quality speaker from SmartLife
76,TechPro Speaker,Electronics,Speaker,TechPro,1127.89,4.1,699,High-quality speaker from TechPro
77,TechPro Speaker,Electronics,Speaker,TechPro,196.93,3.6,927,High-quality speaker from TechPro
78,TechPro Speaker,Electronics,Speaker,TechPro,668.0,3.3,792,High-quality speaker from TechPro
79,DigiMax Speaker,Electronics,Speaker,DigiMax,1875.5,4.4,871,High-quality speaker from DigiMax
80,DigiMax Speaker,Electronics,Speaker,DigiMax,1249.26,5.0,961,High-quality speaker from DigiMax
81,SmartLife Speaker,Electronics,Speaker,SmartLife,625.82,3.6,103,High-quality speaker from SmartLife
82,TechPro Speaker,Electronics,Speaker,TechPro,316.41,4.4,38,High-quality speaker from TechPro
83,GadgetZone Speaker,Electronics,Speaker,GadgetZone,628.19,3.8,817,High-quality speaker from GadgetZone
84,TechPro Speaker,Electronics,Speaker,TechPro,1242.45,3.2,902,High-quality speaker from TechPro
85,TechPro Monitor,Electronics,Monitor,TechPro,1274.39,3.4,775,High-quality monitor from TechPro
86,ElectroHub Monitor,Electronics,Monitor,ElectroHub,1778.9,3.1,353,High-quality monitor from ElectroHub
87,DigiMax Monitor,Electronics,Monitor,DigiMax,905.02,4.3,50,High-quality monitor from DigiMax
88,TechPro Monitor,Electronics,Monitor,TechPro,352.33,5.0,149,High-quality monitor from TechPro
89,DigiMax Monitor,Electronics,Monitor,DigiMax,1727.79,3.5,681,High-quality monitor from DigiMax
90,SmartLife Monitor,Electronics,Monitor,SmartLife,297.77,4.0,52,High-quality monitor from SmartLife
91,ElectroHub Monitor,Electronics,Monitor,ElectroHub,470.85,4.2,195,High-quality monitor from ElectroHub
92,GadgetZone Monitor,Electronics,Monitor,GadgetZone,429.04,3.8,866,High-quality monitor from GadgetZone
93,ElectroHub Monitor,Electronics,Monitor,ElectroHub,308.85,4.9,105,High-quality monitor from ElectroHub
94,SmartLife Monitor,Electronics,Monitor,SmartLife,1600.61,3.5,603,High-quality monitor from SmartLife
95,DigiMax Monitor,Electronics,Monitor,DigiMax,202.99,3.1,116,High-quality monitor from DigiMax
96,TechPro Monitor,Electronics,Monitor,TechPro,1392.57,3.1,633,High-quality monitor from TechPro
97,TechPro Keyboard,Electronics,Keyboard,TechPro,912.59,3.5,117,High-quality keyboard from TechPro
98,TechPro Keyboard,Electronics,Keyboard,TechPro,1337.38,3.6,271,High-quality keyboard from TechPro
99,GadgetZone Keyboard,Electronics,Keyboard,GadgetZone,1488.9,4.1,789,High-quality keyboard from GadgetZone
100,GadgetZone Keyboard,Electronics,Keyboard,GadgetZone,868.22,3.5,655,High-quality keyboard from GadgetZone
101,SmartLife Keyboard,Electronics,Keyboard,SmartLife,1527.8,3.0,973,High-quality keyboard from SmartLife
102,ElectroHub Keyboard,Electronics,Keyboard,ElectroHub,139.71,3.1,749,High-quality keyboard from ElectroHub
103,ElectroHub Keyboard,Electronics,Keyboard,ElectroHub,391.89,3.0,473,High-quality keyboard from ElectroHub
104,GadgetZone Keyboard,Electronics,Keyboard,GadgetZone,973.27,3.3,733,High-quality keyboard from GadgetZone
105,GadgetZone Keyboard,Electronics,Keyboard,GadgetZone,827.08,4.2,836,High-quality keyboard from GadgetZone
106,ElectroHub Keyboard,Electronics,Keyboard,ElectroHub,138.34,3.7,761,High-quality keyboard from ElectroHub
107,SmartLife Keyboard,Electronics,Keyboard,SmartLife,1031.12,4.7,324,High-quality keyboard from SmartLife
108,GadgetZone Keyboard,Electronics,Keyboard,GadgetZone,367.72,3.1,758,High-quality keyboard from GadgetZone
109,DigiMax Mouse,Electronics,Mouse,DigiMax,101.7,4.2,474,High-quality mouse from DigiMax
110,ElectroHub Mouse,Electronics,Mouse,ElectroHub,1172.17,3.8,379,High-quality mouse from ElectroHub
111,TechPro Mouse,Electronics,Mouse,TechPro,943.59,4.1,612,High-quality mouse from TechPro
112,ElectroHub Mouse,Electronics,Mouse,ElectroHub,802.9,4.9,841,High-quality mouse from ElectroHub
113,SmartLife Mouse,Electronics,Mouse,SmartLife,431.79,3.1,606,High-quality mouse from SmartLife
114,DigiMax Mouse,Electronics,Mouse,DigiMax,125.98,4.2,726,High-quality mouse from DigiMax
115,TechPro Mouse,Electronics,Mouse,TechPro,1328.66,3.8,969,High-quality mouse from TechPro
116,DigiMax Mouse,Electronics,Mouse,DigiMax,714.22,3.5,902,High-quality mouse from DigiMax
117,ElectroHub Mouse,Electronics,Mouse,ElectroHub,1401.14,3.7,74,High-quality mouse from ElectroHub
118,GadgetZone Mouse,Electronics,Mouse,GadgetZone,126.41,3.8,760,High-quality mouse from GadgetZone
119,ElectroHub Mouse,Electronics,Mouse,ElectroHub,396.01,4.5,191,High-quality mouse from ElectroHub
120,SmartLife Mouse,Electronics,Mouse,SmartLife,1981.49,3.8,977,High-quality mouse from SmartLife
121,StyleHub T-Shirt,Fashion,T-Shirt,StyleHub,237.4,3.7,189,High-quality t-shirt from StyleHub
122,ChicStyle T-Shirt,Fashion,T-Shirt,ChicStyle,86.81,4.4,278,High-quality t-shirt from ChicStyle
123,StyleHub T-Shirt,Fashion,T-Shirt,StyleHub,86.71,3.8,880,High-quality t-shirt from StyleHub
124,FashionFit T-Shirt,Fashion,T-Shirt,FashionFit,251.41,3.6,698,High-quality t-shirt from FashionFit
125,TrendSet T-Shirt,Fashion,T-Shirt,TrendSet,128.98,3.0,232,High-quality t-shirt from TrendSet
126,TrendSet T-Shirt,Fashion,T-Shirt,TrendSet,45.56,3.6,717,High-quality t-shirt from TrendSet
127,FashionFit T-Shirt,Fashion,T-Shirt,FashionFit,180.56,4.3,884,High-quality t-shirt from FashionFit
128,ChicStyle T-Shirt,Fashion,T-Shirt,ChicStyle,102.1,3.7,890,High-quality t-shirt from ChicStyle
129,ChicStyle T-Shirt,Fashion,T-Shirt,ChicStyle,230.66,4.6,568,High-quality t-shirt from ChicStyle
130,ChicStyle T-Shirt,Fashion,T-Shirt,ChicStyle,280.66,4.9,397,High-quality t-shirt from ChicStyle
131,UrbanWear T-Shirt,Fashion,T-Shirt,UrbanWear,143.63,4.8,234,High-quality t-shirt from UrbanWear
132,TrendSet T-Shirt,Fashion,T-Shirt,TrendSet,52.78,3.3,73,High-quality t-shirt from TrendSet
133,UrbanWear Jeans,Fashion,Jeans,UrbanWear,193.1,3.2,518,High-quality jeans from UrbanWear
134,ChicStyle Jeans,Fashion,Jeans,ChicStyle,82.32,3.8,794,High-quality jeans from ChicStyle
135,UrbanWear Jeans,Fashion,Jeans,UrbanWear,61.05,4.0,421,High-quality jeans from UrbanWear
136,TrendSet Jeans,Fashion,Jeans,TrendSet,182.77,4.7,341,High-quality jeans from TrendSet
137,FashionFit Jeans,Fashion,Jeans,FashionFit,86.27,4.8,300,High-quality jeans from FashionFit
138,FashionFit Jeans,Fashion,Jeans,FashionFit,118.06,4.4,786,High-quality jeans from FashionFit
139,ChicStyle Jeans,Fashion,Jeans,ChicStyle,125.84,4.4,713,High-quality jeans from ChicStyle
140,UrbanWear Jeans,Fashion,Jeans,UrbanWear,112.47,3.9,172,High-quality jeans from UrbanWear
141,ChicStyle Jeans,Fashion,Jeans,ChicStyle,133.46,4.1,659,High-quality jeans from ChicStyle
142,FashionFit Jeans,Fashion,Jeans,FashionFit,234.81,4.6,934,High-quality jeans from FashionFit
143,StyleHub Jeans,Fashion,Jeans,StyleHub,210.69,3.5,504,High-quality jeans from StyleHub
144,FashionFit Jeans,Fashion,Jeans,FashionFit,100.0,4.7,933,High-quality jeans from FashionFit
145,ChicStyle Dress,Fashion,Dress,ChicStyle,289.7,3.0,671,High-quality dress from ChicStyle
146,ChicStyle Dress,Fashion,Dress,ChicStyle,32.08,4.8,885,High-quality dress from ChicStyle
147,ChicStyle Dress,Fashion,Dress,ChicStyle,298.03,3.1,226,High-quality dress from ChicStyle
148,TrendSet Dress,Fashion,Dress,TrendSet,291.4,4.0,232,High-quality dress from TrendSet
149,StyleHub Dress,Fashion,Dress,StyleHub,214.81,3.9,372,High-quality dress from StyleHub
150,TrendSet Dress,Fashion,Dress,TrendSet,272.32,3.1,11,High-quality dress from TrendSet
151,UrbanWear Dress,Fashion,Dress,UrbanWear,286.12,4.8,971,High-quality dress from UrbanWear
152,FashionFit Dress,Fashion,Dress,FashionFit,113.98,3.3,675,High-quality dress from FashionFit
153,UrbanWear Dress,Fashion,Dress,UrbanWear,128.72,3.5,539,High-quality dress from UrbanWear
154,FashionFit Dress,Fashion,Dress,FashionFit,120.9,3.5,922,High-quality dress from FashionFit
155,StyleHub Dress,Fashion,Dress,StyleHub,98.33,3.8,460,High-quality dress from StyleHub
156,FashionFit Dress,Fashion,Dress,FashionFit,95.87,3.3,546,High-quality dress from FashionFit
157,ChicStyle Jacket,Fashion,Jacket,ChicStyle,283.35,3.8,708,High-quality jacket from ChicStyle
158,StyleHub Jacket,Fashion,Jacket,StyleHub,137.11,4.9,241,High-quality jacket from StyleHub
159,TrendSet Jacket,Fashion,Jacket,TrendSet,32.66,3.1,800,High-quality jacket from TrendSet
160,StyleHub Jacket,Fashion,Jacket,StyleHub,154.5,5.0,778,High-quality jacket from StyleHub
161,ChicStyle Jacket,Fashion,Jacket,ChicStyle,229.88,3.8,826,High-quality jacket from ChicStyle
162,TrendSet Jacket,Fashion,Jacket,TrendSet,179.34,3.1,104,High-quality jacket from TrendSet
163,TrendSet Jacket,Fashion,Jacket,TrendSet,57.48,3.0,822,High-quality jacket from TrendSet
164,FashionFit Jacket,Fashion,Jacket,FashionFit,247.61,5.0,869,High-quality jacket from FashionFit
165,TrendSet Jacket,Fashion,Jacket,TrendSet,175.52,4.5,676,High-quality jacket from TrendSet
166,UrbanWear Jacket,Fashion,Jacket,UrbanWear,257.9,3.5,77,High-quality jacket from UrbanWear
167,StyleHub Jacket,Fashion,Jacket,StyleHub,56.16,4.9,716,High-quality jacket from StyleHub
168,FashionFit Jacket,Fashion,Jacket,FashionFit,84.02,4.3,799,High-quality jacket from FashionFit
169,UrbanWear Shoes,Fashion,Shoes,UrbanWear,120.29,3.2,153,High-quality shoes from UrbanWear
170,UrbanWear Shoes,Fashion,Shoes,UrbanWear,165.69,4.5,890,High-quality shoes from UrbanWear
171,UrbanWear Shoes,Fashion,Shoes,UrbanWear,258.61,4.1,388,High-quality shoes from UrbanWear
172,TrendSet Shoes,Fashion,Shoes,TrendSet,132.98,3.3,302,High-quality shoes from TrendSet
173,ChicStyle Shoes,Fashion,Shoes,ChicStyle,193.69,4.4,434,High-quality shoes from ChicStyle
174,FashionFit Shoes,Fashion,Shoes,FashionFit,294.53,4.2,849,High-quality shoes from FashionFit
175,TrendSet Shoes,Fashion,Shoes,TrendSet,45.48,4.5,248,High-quality shoes from TrendSet
176,StyleHub Shoes,Fashion,Shoes,StyleHub,239.42,3.8,758,High-quality shoes from StyleHub
177,UrbanWear Shoes,Fashion,Shoes,UrbanWear,261.46,4.9,899,High-quality shoes from UrbanWear
178,UrbanWear Shoes,Fashion,Shoes,UrbanWear,279.44,4.0,507,High-quality shoes from UrbanWear
179,FashionFit Shoes,Fashion,Shoes,FashionFit,148.56,5.0,52,High-quality shoes from FashionFit
180,UrbanWear Shoes,Fashion,Shoes,UrbanWear,112.05,4.3,751,High-quality shoes from UrbanWear
181,TrendSet Sneakers,Fashion,Sneakers,TrendSet,41.24,3.3,182,High-quality sneakers from TrendSet
182,TrendSet Sneakers,Fashion,Sneakers,TrendSet,58.87,4.3,359,High-quality sneakers from TrendSet
183,FashionFit Sneakers,Fashion,Sneakers,FashionFit,116.79,4.8,194,High-quality sneakers from FashionFit
184,TrendSet Sneakers,Fashion,Sneakers,TrendSet,206.92,3.3,633,High-quality sneakers from TrendSet
185,TrendSet Sneakers,Fashion,Sneakers,TrendSet,31.44,3.3,603,High-quality sneakers from TrendSet
186,UrbanWear Sneakers,Fashion,Sneakers,UrbanWear,69.56,3.2,512,High-quality sneakers from UrbanWear
187,ChicStyle Sneakers,Fashion,Sneakers,ChicStyle,149.02,3.4,545,High-quality sneakers from ChicStyle
188,StyleHub Sneakers,Fashion,Sneakers,StyleHub,160.96,4.4,72,High-quality sneakers from StyleHub
189,UrbanWear Sneakers,Fashion,Sneakers,UrbanWear,243.83,4.3,238,High-quality sneakers from UrbanWear
190,TrendSet Sneakers,Fashion,Sneakers,TrendSet,277.84,3.1,25,High-quality sneakers from TrendSet
191,FashionFit Sneakers,Fashion,Sneakers,FashionFit,245.74,4.5,252,High-quality sneakers from FashionFit
192,FashionFit Sneakers,Fashion,Sneakers,FashionFit,78.62,3.7,725,High-quality sneakers from FashionFit
193,UrbanWear Watch,Fashion,Watch,UrbanWear,232.79,4.1,385,High-quality watch from UrbanWear
194,ChicStyle Watch,Fashion,Watch,ChicStyle,37.46,3.3,882,High-quality watch from ChicStyle
195,TrendSet Watch,Fashion,Watch,TrendSet,270.66,4.0,750,High-quality watch from TrendSet
196,FashionFit Watch,Fashion,Watch,FashionFit,50.01,3.9,738,High-quality watch from FashionFit
197,TrendSet Watch,Fashion,Watch,TrendSet,87.89,3.5,484,High-quality watch from TrendSet
198,FashionFit Watch,Fashion,Watch,FashionFit,25.62,3.6,230,High-quality watch from FashionFit
199,UrbanWear Watch,Fashion,Watch,UrbanWear,169.89,3.5,524,High-quality watch from UrbanWear
200,FashionFit Watch,Fashion,Watch,FashionFit,152.71,3.7,232,High-quality watch from FashionFit
201,ChicStyle Watch,Fashion,Watch,ChicStyle,154.28,4.2,469,High-quality watch from ChicStyle
202,UrbanWear Watch,Fashion,Watch,UrbanWear,176.17,4.2,747,High-quality watch from UrbanWear
203,TrendSet Watch,Fashion,Watch,TrendSet,126.06,3.7,691,High-quality watch from TrendSet
204,UrbanWear Watch,Fashion,Watch,UrbanWear,190.12,3.5,314,High-quality watch from UrbanWear
205,ChicStyle Sunglasses,Fashion,Sunglasses,ChicStyle,112.5,4.9,436,High-quality sunglasses from ChicStyle
206,ChicStyle Sunglasses,Fashion,Sunglasses,ChicStyle,62.8,3.5,515,High-quality sunglasses from ChicStyle
207,TrendSet Sunglasses,Fashion,Sunglasses,TrendSet,44.61,4.6,663,High-quality sunglasses from TrendSet
208,StyleHub Sunglasses,Fashion,Sunglasses,StyleHub,42.47,4.0,39,High-quality sunglasses from StyleHub
209,ChicStyle Sunglasses,Fashion,Sunglasses,ChicStyle,295.07,3.2,321,High-quality sunglasses from ChicStyle
210,FashionFit Sunglasses,Fashion,Sunglasses,FashionFit,291.45,4.7,645,High-quality sunglasses from FashionFit
211,StyleHub Sunglasses,Fashion,Sunglasses,StyleHub,157.41,4.4,573,High-quality sunglasses from StyleHub
212,StyleHub Sunglasses,Fashion,Sunglasses,StyleHub,221.17,4.1,25,High-quality sunglasses from StyleHub
213,TrendSet Sunglasses,Fashion,Sunglasses,TrendSet,254.8,3.4,409,High-quality sunglasses from TrendSet
214,FashionFit Sunglasses,Fashion,Sunglasses,FashionFit,139.12,4.0,112,High-quality sunglasses from FashionFit
215,FashionFit Sunglasses,Fashion,Sunglasses,FashionFit,52.15,4.2,319,High-quality sunglasses from FashionFit
216,ChicStyle Sunglasses,Fashion,Sunglasses,ChicStyle,161.71,4.9,844,High-quality sunglasses from ChicStyle
217,TrendSet Belt,Fashion,Belt,TrendSet,186.29,3.7,9,High-quality belt from TrendSet
218,ChicStyle Belt,Fashion,Belt,ChicStyle,37.74,5.0,12,High-quality belt from ChicStyle
219,UrbanWear Belt,Fashion,Belt,UrbanWear,44.6,3.3,328,High-quality belt from UrbanWear
220,StyleHub Belt,Fashion,Belt,StyleHub,52.67,3.9,549,High-quality belt from StyleHub
221,TrendSet Belt,Fashion,Belt,TrendSet,117.68,4.9,317,High-quality belt from TrendSet
222,FashionFit Belt,Fashion,Belt,FashionFit,290.21,3.2,375,High-quality belt from FashionFit
223,TrendSet Belt,Fashion,Belt,TrendSet,282.74,3.4,546,High-quality belt from TrendSet
224,StyleHub Belt,Fashion,Belt,StyleHub,227.51,4.1,831,High-quality belt from StyleHub
225,ChicStyle Belt,Fashion,Belt,ChicStyle,59.14,4.6,269,High-quality belt from ChicStyle
226,FashionFit Belt,Fashion,Belt,FashionFit,65.82,3.3,4,High-quality belt from FashionFit
227,TrendSet Belt,Fashion,Belt,TrendSet,206.26,4.0,131,High-quality belt from TrendSet
228,StyleHub Belt,Fashion,Belt,StyleHub,265.62,3.8,295,High-quality belt from StyleHub
229,TrendSet Bag,Fashion,Bag,TrendSet,194.75,4.1,574,High-quality bag from TrendSet
230,StyleHub Bag,Fashion,Bag,StyleHub,85.02,4.8,502,High-quality bag from StyleHub
231,UrbanWear Bag,Fashion,Bag,UrbanWear,172.19,4.8,946,High-quality bag from UrbanWear
232,TrendSet Bag,Fashion,Bag,TrendSet,140.83,3.7,178,High-quality bag from TrendSet
233,UrbanWear Bag,Fashion,Bag,UrbanWear,59.0,4.6,668,High-quality bag from UrbanWear
234,StyleHub Bag,Fashion,Bag,StyleHub,169.37,4.8,419,High-quality bag from StyleHub
235,ChicStyle Bag,Fashion,Bag,ChicStyle,62.47,3.6,996,High-quality bag from ChicStyle
236,TrendSet Bag,Fashion,Bag,TrendSet,228.3,3.1,597,High-quality bag from TrendSet
237,UrbanWear Bag,Fashion,Bag,UrbanWear,233.49,4.8,864,High-quality bag from UrbanWear
238,ChicStyle Bag,Fashion,Bag,ChicStyle,50.98,4.7,215,High-quality bag from ChicStyle
239,FashionFit Bag,Fashion,Bag,FashionFit,131.24,4.6,260,High-quality bag from FashionFit
240,ChicStyle Bag,Fashion,Bag,ChicStyle,84.19,4.4,129,High-quality bag from ChicStyle
241,RadiantSkin Moisturizer,Beauty,Moisturizer,RadiantSkin,99.76,4.4,291,High-quality moisturizer from RadiantSkin
242,PureBeauty Moisturizer,Beauty,Moisturizer,PureBeauty,45.25,3.7,10,High-quality moisturizer from PureBeauty
243,PureBeauty Moisturizer,Beauty,Moisturizer,PureBeauty,57.95,3.5,22,High-quality moisturizer from PureBeauty
244,PureBeauty Moisturizer,Beauty,Moisturizer,PureBeauty,142.62,3.3,140,High-quality moisturizer from PureBeauty
245,PureBeauty Moisturizer,Beauty,Moisturizer,PureBeauty,95.6,3.0,827,High-quality moisturizer from PureBeauty
246,RadiantSkin Moisturizer,Beauty,Moisturizer,RadiantSkin,140.5,4.1,323,High-quality moisturizer from RadiantSkin
247,LuxeGlow Moisturizer,Beauty,Moisturizer,LuxeGlow,139.15,4.4,105,High-quality moisturizer from LuxeGlow
248,GlowLab Moisturizer,Beauty,Moisturizer,GlowLab,90.68,4.2,50,High-quality moisturizer from GlowLab
249,LuxeGlow Moisturizer,Beauty,Moisturizer,LuxeGlow,24.59,4.7,778,High-quality moisturizer from LuxeGlow
250,GlowLab Moisturizer,Beauty,Moisturizer,GlowLab,25.85,5.0,621,High-quality moisturizer from GlowLab
251,BeautyEssence Moisturizer,Beauty,Moisturizer,BeautyEssence,27.45,4.8,830,High-quality moisturizer from BeautyEssence
252,RadiantSkin Moisturizer,Beauty,Moisturizer,RadiantSkin,92.78,3.8,968,High-quality moisturizer from RadiantSkin
253,LuxeGlow Serum,Beauty,Serum,LuxeGlow,56.93,4.6,116,High-quality serum from LuxeGlow
254,PureBeauty Serum,Beauty,Serum,PureBeauty,56.69,3.8,536,High-quality serum from PureBeauty
255,PureBeauty Serum,Beauty,Serum,PureBeauty,138.78,3.7,209,High-quality serum from PureBeauty
256,RadiantSkin Serum,Beauty,Serum,RadiantSkin,113.25,3.9,938,High-quality serum from RadiantSkin
257,RadiantSkin Serum,Beauty,Serum,RadiantSkin,73.34,3.3,663,High-quality serum from RadiantSkin
258,GlowLab Serum,Beauty,Serum,GlowLab,79.77,3.8,855,High-quality serum from GlowLab
259,GlowLab Serum,Beauty,Serum,GlowLab,60.74,4.2,661,High-quality serum from GlowLab
260,PureBeauty Serum,Beauty,Serum,PureBeauty,11.83,4.3,966,High-quality serum from PureBeauty
261,GlowLab Serum,Beauty,Serum,GlowLab,144.55,3.3,629,High-quality serum from GlowLab
262,BeautyEssence Serum,Beauty,Serum,BeautyEssence,84.91,3.4,326,High-quality serum from BeautyEssence
263,GlowLab Serum,Beauty,Serum,GlowLab,53.39,3.8,434,High-quality serum from GlowLab
264,RadiantSkin Serum,Beauty,Serum,RadiantSkin,121.97,3.7,669,High-quality serum from RadiantSkin
265,LuxeGlow Cleanser,Beauty,Cleanser,LuxeGlow,97.5,3.8,143,High-quality cleanser from LuxeGlow
266,RadiantSkin Cleanser,Beauty,Cleanser,RadiantSkin,19.2,4.6,174,High-quality cleanser from RadiantSkin
267,PureBeauty Cleanser,Beauty,Cleanser,PureBeauty,83.41,3.9,113,High-quality cleanser from PureBeauty
268,RadiantSkin Cleanser,Beauty,Cleanser,RadiantSkin,31.73,3.4,924,High-quality cleanser from RadiantSkin
269,RadiantSkin Cleanser,Beauty,Cleanser,RadiantSkin,62.26,3.5,877,High-quality cleanser from RadiantSkin
270,PureBeauty Cleanser,Beauty,Cleanser,PureBeauty,67.22,3.1,475,High-quality cleanser from PureBeauty
271,PureBeauty Cleanser,Beauty,Cleanser,PureBeauty,131.38,3.8,312,High-quality cleanser from PureBeauty
272,RadiantSkin Cleanser,Beauty,Cleanser,RadiantSkin,42.35,4.3,327,High-quality cleanser from RadiantSkin
273,GlowLab Cleanser,Beauty,Cleanser,GlowLab,121.99,3.4,608,High-quality cleanser from GlowLab
274,BeautyEssence Cleanser,Beauty,Cleanser,BeautyEssence,43.35,3.2,95,High-quality cleanser from BeautyEssence
275,RadiantSkin Cleanser,Beauty,Cleanser,RadiantSkin,144.77,4.9,181,High-quality cleanser from RadiantSkin
276,LuxeGlow Cleanser,Beauty,Cleanser,LuxeGlow,66.89,3.6,977,High-quality cleanser from LuxeGlow
277,PureBeauty Sunscreen,Beauty,Sunscreen,PureBeauty,21.97,3.4,146,High-quality sunscreen from PureBeauty
278,LuxeGlow Sunscreen,Beauty,Sunscreen,LuxeGlow,132.7,4.3,81,High-quality sunscreen from LuxeGlow
279,PureBeauty Sunscreen,Beauty,Sunscreen,PureBeauty,137.49,4.2,522,High-quality sunscreen from PureBeauty
280,PureBeauty Sunscreen,Beauty,Sunscreen,PureBeauty,125.52,3.7,118,High-quality sunscreen from PureBeauty
281,BeautyEssence Sunscreen,Beauty,Sunscreen,BeautyEssence,126.29,3.7,255,High-quality sunscreen from BeautyEssence
282,GlowLab Sunscreen,Beauty,Sunscreen,GlowLab,71.06,3.6,499,High-quality sunscreen from GlowLab
283,PureBeauty Sunscreen,Beauty,Sunscreen,PureBeauty,116.9,3.3,713,High-quality sunscreen from PureBeauty
284,RadiantSkin Sunscreen,Beauty,Sunscreen,RadiantSkin,135.24,4.6,720,High-quality sunscreen from RadiantSkin
285,PureBeauty Sunscreen,Beauty,Sunscreen,PureBeauty,13.15,3.5,551,High-quality sunscreen from PureBeauty
286,PureBeauty Sunscreen,Beauty,Sunscreen,PureBeauty,98.69,3.5,757,High-quality sunscreen from PureBeauty
287,RadiantSkin Sunscreen,Beauty,Sunscreen,RadiantSkin,69.04,3.3,28,High-quality sunscreen from RadiantSkin
288,LuxeGlow Sunscreen,Beauty,Sunscreen,LuxeGlow,106.77,4.4,837,High-quality sunscreen from LuxeGlow
289,PureBeauty Face Mask,Beauty,Face Mask,PureBeauty,84.15,4.6,40,High-quality face mask from PureBeauty
290,PureBeauty Face Mask,Beauty,Face Mask,PureBeauty,87.58,4.3,377,High-quality face mask from PureBeauty
291,BeautyEssence Face Mask,Beauty,Face Mask,BeautyEssence,38.9,3.0,980,High-quality face mask from BeautyEssence
292,RadiantSkin Face Mask,Beauty,Face Mask,RadiantSkin,136.0,4.7,167,High-quality face mask from RadiantSkin
293,PureBeauty Face Mask,Beauty,Face Mask,PureBeauty,94.07,4.3,454,High-quality face mask from PureBeauty
294,PureBeauty Face Mask,Beauty,Face Mask,PureBeauty,138.02,3.8,475,High-quality face mask from PureBeauty
295,PureBeauty Face Mask,Beauty,Face Mask,PureBeauty,69.09,3.7,821,High-quality face mask from PureBeauty
296,RadiantSkin Face Mask,Beauty,Face Mask,RadiantSkin,35.81,3.2,370,High-quality face mask from RadiantSkin
297,PureBeauty Face Mask,Beauty,Face Mask,PureBeauty,19.55,4.7,10,High-quality face mask from PureBeauty
298,BeautyEssence Face Mask,Beauty,Face Mask,BeautyEssence,110.67,3.6,226,High-quality face mask from BeautyEssence
299,PureBeauty Face Mask,Beauty,Face Mask,PureBeauty,65.53,4.9,405,High-quality face mask from PureBeauty
300,LuxeGlow Face Mask,Beauty,Face Mask,LuxeGlow,77.73,3.5,750,High-quality face mask from LuxeGlow
301,BeautyEssence Lipstick,Beauty,Lipstick,BeautyEssence,32.68,4.7,848,High-quality lipstick from BeautyEssence
302,RadiantSkin Lipstick,Beauty,Lipstick,RadiantSkin,93.56,3.7,153,High-quality lipstick from RadiantSkin
303,PureBeauty Lipstick,Beauty,Lipstick,PureBeauty,24.92,3.2,16,High-quality lipstick from PureBeauty
304,GlowLab Lipstick,Beauty,Lipstick,GlowLab,79.37,4.4,41,High-quality lipstick from GlowLab
305,GlowLab Lipstick,Beauty,Lipstick,GlowLab,44.5,4.6,228,High-quality lipstick from GlowLab
306,BeautyEssence Lipstick,Beauty,Lipstick,BeautyEssence,107.26,3.5,865,High-quality lipstick from BeautyEssence
307,BeautyEssence Lipstick,Beauty,Lipstick,BeautyEssence,60.54,3.2,816,High-quality lipstick from BeautyEssence
308,LuxeGlow Lipstick,Beauty,Lipstick,LuxeGlow,120.6,4.4,496,High-quality lipstick from LuxeGlow
309,BeautyEssence Lipstick,Beauty,Lipstick,BeautyEssence,85.87,4.7,775,High-quality lipstick from BeautyEssence
310,LuxeGlow Lipstick,Beauty,Lipstick,LuxeGlow,116.27,4.4,975,High-quality lipstick from LuxeGlow
311,GlowLab Lipstick,Beauty,Lipstick,GlowLab,136.47,4.3,570,High-quality lipstick from GlowLab
312,PureBeauty Lipstick,Beauty,Lipstick,PureBeauty,17.22,4.3,287,High-quality lipstick from PureBeauty
313,PureBeauty Foundation,Beauty,Foundation,PureBeauty,92.36,5.0,793,High-quality foundation from PureBeauty
314,LuxeGlow Foundation,Beauty,Foundation,LuxeGlow,76.25,3.6,334,High-quality foundation from LuxeGlow
315,LuxeGlow Foundation,Beauty,Foundation,LuxeGlow,112.34,3.4,839,High-quality foundation from LuxeGlow
316,PureBeauty Foundation,Beauty,Foundation,PureBeauty,69.05,4.6,222,High-quality foundation from PureBeauty
317,BeautyEssence Foundation,Beauty,Foundation,BeautyEssence,128.24,3.6,489,High-quality foundation from BeautyEssence
318,GlowLab Foundation,Beauty,Foundation,GlowLab,101.02,3.7,619,High-quality foundation from GlowLab
319,BeautyEssence Foundation,Beauty,Foundation,BeautyEssence,77.35,4.8,170,High-quality foundation from BeautyEssence
320,PureBeauty Foundation,Beauty,Foundation,PureBeauty,111.47,3.1,526,High-quality foundation from PureBeauty
321,GlowLab Foundation,Beauty,Foundation,GlowLab,85.38,4.3,396,High-quality foundation from GlowLab
322,PureBeauty Foundation,Beauty,Foundation,PureBeauty,82.82,3.9,107,High-quality foundation from PureBeauty
323,PureBeauty Foundation,Beauty,Foundation,PureBeauty,13.42,4.7,413,High-quality foundation from PureBeauty
324,RadiantSkin Foundation,Beauty,Foundation,RadiantSkin,132.46,4.1,415,High-quality foundation from RadiantSkin
325,RadiantSkin Eye Shadow,Beauty,Eye Shadow,RadiantSkin,19.8,3.0,28,High-quality eye shadow from RadiantSkin
326,GlowLab Eye Shadow,Beauty,Eye Shadow,GlowLab,66.27,4.0,696,High-quality eye shadow from GlowLab
327,BeautyEssence Eye Shadow,Beauty,Eye Shadow,BeautyEssence,147.77,4.5,920,High-quality eye shadow from BeautyEssence
328,BeautyEssence Eye Shadow,Beauty,Eye Shadow,BeautyEssence,113.26,3.5,2,High-quality eye shadow from BeautyEssence
329,LuxeGlow Eye Shadow,Beauty,Eye Shadow,LuxeGlow,59.65,3.6,323,High-quality eye shadow from LuxeGlow
330,PureBeauty Eye Shadow,Beauty,Eye Shadow,PureBeauty,42.71,3.1,704,High-quality eye shadow from PureBeauty
331,LuxeGlow Eye Shadow,Beauty,Eye Shadow,LuxeGlow,148.28,3.9,816,High-quality eye shadow from LuxeGlow
332,GlowLab Eye Shadow,Beauty,Eye Shadow,GlowLab,105.15,3.4,804,High-quality eye shadow from GlowLab
333,LuxeGlow Eye Shadow,Beauty,Eye Shadow,LuxeGlow,46.26,4.2,806,High-quality eye shadow from LuxeGlow
334,RadiantSkin Eye Shadow,Beauty,Eye Shadow,RadiantSkin,136.52,5.0,710,High-quality eye shadow from RadiantSkin
335,BeautyEssence Eye Shadow,Beauty,Eye Shadow,BeautyEssence,19.1,3.8,860,High-quality eye shadow from BeautyEssence
336,LuxeGlow Eye Shadow,Beauty,Eye Shadow,LuxeGlow,126.29,3.2,106,High-quality eye shadow from LuxeGlow
337,PureBeauty Perfume,Beauty,Perfume,PureBeauty,63.77,3.1,505,High-quality perfume from PureBeauty
338,RadiantSkin Perfume,Beauty,Perfume,RadiantSkin,125.67,4.6,53,High-quality perfume from RadiantSkin
339,GlowLab Perfume,Beauty,Perfume,GlowLab,82.56,4.2,752,High-quality perfume from GlowLab
340,LuxeGlow Perfume,Beauty,Perfume,LuxeGlow,46.43,4.0,849,High-quality perfume from LuxeGlow
341,GlowLab Perfume,Beauty,Perfume,GlowLab,31.55,4.6,997,High-quality perfume from GlowLab
342,LuxeGlow Perfume,Beauty,Perfume,LuxeGlow,41.33,4.1,328,High-quality perfume from LuxeGlow
343,BeautyEssence Perfume,Beauty,Perfume,BeautyEssence,91.21,3.2,616,High-quality perfume from BeautyEssence
344,RadiantSkin Perfume,Beauty,Perfume,RadiantSkin,48.21,4.0,194,High-quality perfume from RadiantSkin
345,GlowLab Perfume,Beauty,Perfume,GlowLab,129.31,3.1,462,High-quality perfume from GlowLab
346,GlowLab Perfume,Beauty,Perfume,GlowLab,87.12,3.2,983,High-quality perfume from GlowLab
347,BeautyEssence Perfume,Beauty,Perfume,BeautyEssence,62.18,3.5,900,High-quality perfume from BeautyEssence
348,PureBeauty Perfume,Beauty,Perfume,PureBeauty,84.56,4.9,687,High-quality perfume from PureBeauty
349,LuxeGlow Body Lotion,Beauty,Body Lotion,LuxeGlow,135.23,5.0,113,High-quality body lotion from LuxeGlow
350,LuxeGlow Body Lotion,Beauty,Body Lotion,LuxeGlow,77.28,4.2,697,High-quality body lotion from LuxeGlow
351,RadiantSkin Body Lotion,Beauty,Body Lotion,RadiantSkin,58.69,4.4,858,High-quality body lotion from RadiantSkin
352,LuxeGlow Body Lotion,Beauty,Body Lotion,LuxeGlow,47.38,4.8,146,High-quality body lotion from LuxeGlow
353,BeautyEssence Body Lotion,Beauty,Body Lotion,BeautyEssence,129.08,4.7,680,High-quality body lotion from BeautyEssence
354,LuxeGlow Body Lotion,Beauty,Body Lotion,LuxeGlow,127.18,4.4,169,High-quality body lotion from LuxeGlow
355,BeautyEssence Body Lotion,Beauty,Body Lotion,BeautyEssence,96.61,4.5,6,High-quality body lotion from BeautyEssence
356,LuxeGlow Body Lotion,Beauty,Body Lotion,LuxeGlow,133.32,4.7,30,High-quality body lotion from LuxeGlow
357,PureBeauty Body Lotion,Beauty,Body Lotion,PureBeauty,28.04,3.7,669,High-quality body lotion from PureBeauty
358,PureBeauty Body Lotion,Beauty,Body Lotion,PureBeauty,124.52,4.7,988,High-quality body lotion from PureBeauty
359,BeautyEssence Body Lotion,Beauty,Body Lotion,BeautyEssence,10.89,3.6,45,High-quality body lotion from BeautyEssence
360,RadiantSkin Body Lotion,Beauty,Body Lotion,RadiantSkin,147.37,4.3,222,High-quality body lotion from RadiantSkin
361,LivingSpace Coffee Maker,Home,Coffee Maker,LivingSpace,327.98,4.1,674,High-quality coffee maker from LivingSpace
362,CozyNest Coffee Maker,Home,Coffee Maker,CozyNest,387.68,4.1,223,High-quality coffee maker from CozyNest
363,LivingSpace Coffee Maker,Home,Coffee Maker,LivingSpace,190.68,4.3,221,High-quality coffee maker from LivingSpace
364,SmartLiving Coffee Maker,Home,Coffee Maker,SmartLiving,78.18,4.9,863,High-quality coffee maker from SmartLiving
365,ModernHome Coffee Maker,Home,Coffee Maker,ModernHome,61.88,3.6,16,High-quality coffee maker from ModernHome
366,ModernHome Coffee Maker,Home,Coffee Maker,ModernHome,61.65,4.2,704,High-quality coffee maker from ModernHome
367,LivingSpace Coffee Maker,Home,Coffee Maker,LivingSpace,65.11,4.7,269,High-quality coffee maker from LivingSpace
368,SmartLiving Coffee Maker,Home,Coffee Maker,SmartLiving,239.6,4.3,947,High-quality coffee maker from SmartLiving
369,SmartLiving Coffee Maker,Home,Coffee Maker,SmartLiving,210.3,3.1,32,High-quality coffee maker from SmartLiving
370,CozyNest Coffee Maker,Home,Coffee Maker,CozyNest,148.68,3.0,481,High-quality coffee maker from CozyNest
371,LivingSpace Coffee Maker,Home,Coffee Maker,LivingSpace,498.65,3.9,396,High-quality coffee maker from LivingSpace
372,HomeComfort Coffee Maker,Home,Coffee Maker,HomeComfort,106.9,4.6,156,High-quality coffee maker from HomeComfort
373,CozyNest Blender,Home,Blender,CozyNest,133.76,3.2,973,High-quality blender from CozyNest
374,ModernHome Blender,Home,Blender,ModernHome,337.62,3.5,848,High-quality blender from ModernHome
375,ModernHome Blender,Home,Blender,ModernHome,44.71,4.5,302,High-quality blender from ModernHome
376,SmartLiving Blender,Home,Blender,SmartLiving,330.11,3.8,952,High-quality blender from SmartLiving
377,SmartLiving Blender,Home,Blender,SmartLiving,492.47,3.8,891,High-quality blender from SmartLiving
378,LivingSpace Blender,Home,Blender,LivingSpace,130.16,3.1,792,High-quality blender from LivingSpace
379,ModernHome Blender,Home,Blender,ModernHome,294.49,3.9,538,High-quality blender from ModernHome
380,ModernHome Blender,Home,Blender,ModernHome,117.2,4.7,308,High-quality blender from ModernHome
381,CozyNest Blender,Home,Blender,CozyNest,427.05,4.5,386,High-quality blender from CozyNest
382,SmartLiving Blender,Home,Blender,SmartLiving,91.69,3.1,827,High-quality blender from SmartLiving
383,LivingSpace Blender,Home,Blender,LivingSpace,319.83,4.6,152,High-quality blender from LivingSpace
384,HomeComfort Blender,Home,Blender,HomeComfort,315.43,3.5,520,High-quality blender from HomeComfort
385,HomeComfort Vacuum,Home,Vacuum,HomeComfort,105.59,4.3,500,High-quality vacuum from HomeComfort
386,SmartLiving Vacuum,Home,Vacuum,SmartLiving,307.42,3.9,63,High-quality vacuum from SmartLiving
387,SmartLiving Vacuum,Home,Vacuum,SmartLiving,100.3,3.9,989,High-quality vacuum from SmartLiving
388,LivingSpace Vacuum,Home,Vacuum,LivingSpace,255.57,4.2,543,High-quality vacuum from LivingSpace
389,CozyNest Vacuum,Home,Vacuum,CozyNest,356.64,4.7,101,High-quality vacuum from CozyNest
390,HomeComfort Vacuum,Home,Vacuum,HomeComfort,48.62,4.0,87,High-quality vacuum from HomeComfort
391,HomeComfort Vacuum,Home,Vacuum,HomeComfort,143.76,5.0,671,High-quality vacuum from HomeComfort
392,ModernHome Vacuum,Home,Vacuum,ModernHome,360.16,4.1,927,High-quality vacuum from ModernHome
393,LivingSpace Vacuum,Home,Vacuum,LivingSpace,183.44,4.0,800,High-quality vacuum from LivingSpace
394,HomeComfort Vacuum,Home,Vacuum,HomeComfort,194.79,3.1,115,High-quality vacuum from HomeComfort
395,LivingSpace Vacuum,Home,Vacuum,LivingSpace,216.55,3.3,870,High-quality vacuum from LivingSpace
396,LivingSpace Vacuum,Home,Vacuum,LivingSpace,354.05,4.6,993,High-quality vacuum from LivingSpace
397,LivingSpace Air Purifier,Home,Air Purifier,LivingSpace,108.72,3.2,970,High-quality air purifier from LivingSpace
398,SmartLiving Air Purifier,Home,Air Purifier,SmartLiving,362.04,3.1,773,High-quality air purifier from SmartLiving
399,HomeComfort Air Purifier,Home,Air Purifier,HomeComfort,54.43,4.1,369,High-quality air purifier from HomeComfort
400,ModernHome Air Purifier,Home,Air Purifier,ModernHome,439.36,4.4,317,High-quality air purifier from ModernHome
401,ModernHome Air Purifier,Home,Air Purifier,ModernHome,189.54,4.6,6,High-quality air purifier from ModernHome
402,CozyNest Air Purifier,Home,Air Purifier,CozyNest,450.56,4.1,313,High-quality air purifier from CozyNest
403,LivingSpace Air Purifier,Home,Air Purifier,LivingSpace,256.02,3.1,699,High-quality air purifier from LivingSpace
404,LivingSpace Air Purifier,Home,Air Purifier,LivingSpace,236.15,4.4,11,High-quality air purifier from LivingSpace
405,ModernHome Air Purifier,Home,Air Purifier,ModernHome,104.99,4.7,121,High-quality air purifier from ModernHome
406,CozyNest Air Purifier,Home,Air Purifier,CozyNest,488.66,3.7,903,High-quality air purifier from CozyNest
407,SmartLiving Air Purifier,Home,Air Purifier,SmartLiving,401.16,4.3,306,High-quality air purifier from SmartLiving
408,ModernHome Air Purifier,Home,Air Purifier,ModernHome,291.02,4.4,661,High-quality air purifier from ModernHome
409,SmartLiving Lamp,Home,Lamp,SmartLiving,498.28,4.9,642,High-quality lamp from SmartLiving
410,ModernHome Lamp,Home,Lamp,ModernHome,123.78,4.4,92,High-quality lamp from ModernHome
411,HomeComfort Lamp,Home,Lamp,HomeComfort,425.01,3.3,724,High-quality lamp from HomeComfort
412,LivingSpace Lamp,Home,Lamp,LivingSpace,379.07,3.9,515,High-quality lamp from LivingSpace
413,ModernHome Lamp,Home,Lamp,ModernHome,204.39,5.0,151,High-quality lamp from ModernHome
414,LivingSpace Lamp,Home,Lamp,LivingSpace,437.5,4.2,419,High-quality lamp from LivingSpace
415,LivingSpace Lamp,Home,Lamp,LivingSpace,370.87,4.0,577,High-quality lamp from LivingSpace
416,LivingSpace Lamp,Home,Lamp,LivingSpace,402.69,4.3,754,High-quality lamp from LivingSpace
417,CozyNest Lamp,Home,Lamp,CozyNest,163.41,3.7,642,High-quality lamp from CozyNest
418,SmartLiving Lamp,Home,Lamp,SmartLiving,248.93,4.7,736,High-quality lamp from SmartLiving
419,CozyNest Lamp,Home,Lamp,CozyNest,394.72,3.8,477,High-quality lamp from CozyNest
420,LivingSpace Lamp,Home,Lamp,LivingSpace,141.65,4.9,374,High-quality lamp from LivingSpace
421,SmartLiving Pillow,Home,Pillow,SmartLiving,431.56,4.0,317,High-quality pillow from SmartLiving
422,ModernHome Pillow,Home,Pillow,ModernHome,220.36,4.2,230,High-quality pillow from ModernHome
423,HomeComfort Pillow,Home,Pillow,HomeComfort,341.43,3.2,144,High-quality pillow from HomeComfort
424,CozyNest Pillow,Home,Pillow,CozyNest,176.71,3.8,162,High-quality pillow from CozyNest
425,SmartLiving Pillow,Home,Pillow,SmartLiving,34.24,4.2,459,High-quality pillow from SmartLiving
426,ModernHome Pillow,Home,Pillow,ModernHome,485.82,3.9,394,High-quality pillow from ModernHome
427,LivingSpace Pillow,Home,Pillow,LivingSpace,64.54,3.3,969,High-quality pillow from LivingSpace
428,SmartLiving Pillow,Home,Pillow,SmartLiving,188.39,4.7,256,High-quality pillow from SmartLiving
429,SmartLiving Pillow,Home,Pillow,SmartLiving,146.9,4.2,512,High-quality pillow from SmartLiving
430,HomeComfort Pillow,Home,Pillow,HomeComfort,108.51,3.3,120,High-quality pillow from HomeComfort
431,CozyNest Pillow,Home,Pillow,CozyNest,376.11,4.3,164,High-quality pillow from CozyNest
432,HomeComfort Pillow,Home,Pillow,HomeComfort,426.76,4.6,155,High-quality pillow from HomeComfort
433,ModernHome Blanket,Home,Blanket,ModernHome,283.76,3.1,333,High-quality blanket from ModernHome
434,LivingSpace Blanket,Home,Blanket,LivingSpace,87.8,3.5,281,High-quality blanket from LivingSpace
435,SmartLiving Blanket,Home,Blanket,SmartLiving,330.8,3.4,484,High-quality blanket from SmartLiving
436,SmartLiving Blanket,Home,Blanket,SmartLiving,71.62,3.2,690,High-quality blanket from SmartLiving
437,ModernHome Blanket,Home,Blanket,ModernHome,99.72,5.0,215,High-quality blanket from ModernHome
438,CozyNest Blanket,Home,Blanket,CozyNest,32.32,4.9,305,High-quality blanket from CozyNest
439,SmartLiving Blanket,Home,Blanket,SmartLiving,437.92,3.9,494,High-quality blanket from SmartLiving
440,CozyNest Blanket,Home,Blanket,CozyNest,259.76,4.3,851,High-quality blanket from CozyNest
441,SmartLiving Blanket,Home,Blanket,SmartLiving,97.46,4.9,891,High-quality blanket from SmartLiving
442,LivingSpace Blanket,Home,Blanket,LivingSpace,118.52,4.5,668,High-quality blanket from LivingSpace
443,SmartLiving Blanket,Home,Blanket,SmartLiving,482.77,3.5,192,High-quality blanket from SmartLiving
444,LivingSpace Blanket,Home,Blanket,LivingSpace,205.92,3.0,977,High-quality blanket from LivingSpace
445,HomeComfort Curtains,Home,Curtains,HomeComfort,420.51,4.7,880,High-quality curtains from HomeComfort
446,ModernHome Curtains,Home,Curtains,ModernHome,83.16,4.6,963,High-quality curtains from ModernHome
447,HomeComfort Curtains,Home,Curtains,HomeComfort,312.29,4.9,653,High-quality curtains from HomeComfort
448,SmartLiving Curtains,Home,Curtains,SmartLiving,343.48,4.2,957,High-quality curtains from SmartLiving
449,ModernHome Curtains,Home,Curtains,ModernHome,104.87,4.2,574,High-quality curtains from ModernHome
450,HomeComfort Curtains,Home,Curtains,HomeComfort,437.23,5.0,780,High-quality curtains from HomeComfort
451,HomeComfort Curtains,Home,Curtains,HomeComfort,72.53,3.6,970,High-quality curtains from HomeComfort
452,ModernHome Curtains,Home,Curtains,ModernHome,335.74,4.5,643,High-quality curtains from ModernHome
453,CozyNest Curtains,Home,Curtains,CozyNest,409.69,4.5,278,High-quality curtains from CozyNest
454,CozyNest Curtains,Home,Curtains,CozyNest,438.38,3.8,821,High-quality curtains from CozyNest
455,HomeComfort Curtains,Home,Curtains,HomeComfort,184.34,4.3,710,High-quality curtains from HomeComfort
456,SmartLiving Curtains,Home,Curtains,SmartLiving,208.8,4.1,416,High-quality curtains from SmartLiving
457,HomeComfort Rug,Home,Rug,HomeComfort,286.47,3.9,101,High-quality rug from HomeComfort
458,LivingSpace Rug,Home,Rug,LivingSpace,305.92,3.3,973,High-quality rug from LivingSpace
459,LivingSpace Rug,Home,Rug,LivingSpace,386.89,4.0,84,High-quality rug from LivingSpace
460,LivingSpace Rug,Home,Rug,LivingSpace,477.19,4.7,923,High-quality rug from LivingSpace
461,SmartLiving Rug,Home,Rug,SmartLiving,412.47,3.2,132,High-quality rug from SmartLiving
462,LivingSpace Rug,Home,Rug,LivingSpace,277.51,3.5,739,High-quality rug from LivingSpace
463,CozyNest Rug,Home,Rug,CozyNest,389.5,4.6,497,High-quality rug from CozyNest
464,ModernHome Rug,Home,Rug,ModernHome,479.1,3.0,406,High-quality rug from ModernHome
465,CozyNest Rug,Home,Rug,CozyNest,33.55,4.3,123,High-quality rug from CozyNest
466,HomeComfort Rug,Home,Rug,HomeComfort,337.71,3.8,323,High-quality rug from HomeComfort
467,SmartLiving Rug,Home,Rug,SmartLiving,255.22,3.4,333,High-quality rug from SmartLiving
468,SmartLiving Rug,Home,Rug,SmartLiving,320.16,4.0,493,High-quality rug from SmartLiving
469,CozyNest Mirror,Home,Mirror,CozyNest,466.91,4.1,647,High-quality mirror from CozyNest
470,LivingSpace Mirror,Home,Mirror,LivingSpace,316.86,4.4,944,High-quality mirror from LivingSpace
471,SmartLiving Mirror,Home,Mirror,SmartLiving,224.37,3.2,458,High-quality mirror from SmartLiving
472,ModernHome Mirror,Home,Mirror,ModernHome,115.28,4.1,582,High-quality mirror from ModernHome
473,HomeComfort Mirror,Home,Mirror,HomeComfort,296.64,3.5,35,High-quality mirror from HomeComfort
474,ModernHome Mirror,Home,Mirror,ModernHome,257.27,4.6,384,High-quality mirror from ModernHome
475,ModernHome Mirror,Home,Mirror,ModernHome,50.4,4.3,890,High-quality mirror from ModernHome
476,SmartLiving Mirror,Home,Mirror,SmartLiving,312.76,4.6,725,High-quality mirror from SmartLiving
477,ModernHome Mirror,Home,Mirror,ModernHome,137.2,3.4,9,High-quality mirror from ModernHome
478,LivingSpace Mirror,Home,Mirror,LivingSpace,199.56,4.8,151,High-quality mirror from LivingSpace
479,HomeComfort Mirror,Home,Mirror,HomeComfort,141.33,4.6,49,High-quality mirror from HomeComfort
480,CozyNest Mirror,Home,Mirror,CozyNest,430.05,4.3,856,High-quality mirror from CozyNest
